{"stats":{"minecraft:mined":{"minecraft:white_bed":3,"minecraft:cobblestone_stairs":1,"farmersdelight:wild_carrots":1,"minecraft:crafting_table":3,"minecraft:grass_block":2,"minecraft:chest":1,"minecraft:lectern":1,"iceandfire:lectern":2,"minecraft:cobblestone":4,"minecraft:tall_grass":1,"minecraft:spruce_stairs":3,"minecraft:hay_block":35,"iceandfire:copper_ore":4,"minecraft:birch_log":7,"minecraft:iron_ore":10,"minecraft:wheat":1,"minecraft:grass":8,"minecraft:oak_log":7,"minecraft:coal_ore":28,"minecraft:dirt":5,"minecraft:stone":9,"minecraft:oak_leaves":2},"minecraft:used":{"iceandfire:lectern":2,"minecraft:wheat_seeds":1,"minecraft:stone_pickaxe":55,"minecraft:chest":1,"minecraft:wooden_pickaxe":3,"minecraft:birch_boat":1,"furnish:furniture_workbench":1,"minecraft:dirt":10,"minecraft:crafting_table":6,"minecraft:white_bed":3,"waystones:waystone":1,"minecraft:wooden_axe":34,"minecraft:iron_axe":3,"furnish:white_sofa":2,"minecraft:light_gray_wool":1,"minecraft:furnace":1,"minecraft:oak_sapling":2,"minecraft:birch_log":7,"alexsmobs:animal_dictionary":1,"minecraft:cooked_beef":15},"minecraft:crafted":{"iceandfire:copper_ingot":4,"minecraft:oak_planks":20,"minecraft:leather_boots":2,"minecraft:crafting_table":4,"minecraft:wooden_pickaxe":1,"minecraft:birch_boat":1,"minecraft:furnace":1,"minecraft:birch_planks":28,"minecraft:air":0,"iceandfire:armor_copper_metal_boots":1,"furnish:furniture_workbench":1,"minecraft:iron_axe":2,"minecraft:stick":12,"minecraft:iron_ingot":10,"minecraft:iron_pickaxe":1,"minecraft:stone_pickaxe":1,"minecraft:wooden_axe":1,"minecraft:shears":1},"minecraft:killed":{"minecraft:sheep":6,"minecraft:zombie":1,"minecraft:cow":12},"minecraft:broken":{"minecraft:wooden_axe":1},"minecraft:dropped":{"minecraft:wheat_seeds":1,"minecraft:cooked_beef":64,"minecraft:leather_boots":1},"minecraft:custom":{"minecraft:interact_with_furnace":5,"minecraft:mob_kills":20,"minecraft:interact_with_crafting_table":16,"minecraft:play_one_minute":75599,"minecraft:interact_with_stonecutter":3,"minecraft:leave_game":1,"minecraft:time_since_death":75599,"minecraft:sleep_in_bed":6,"minecraft:climb_one_cm":794,"minecraft:time_since_rest":12661,"minecraft:waystone_activated":4,"minecraft:sprint_one_cm":320863,"minecraft:damage_taken":703,"minecraft:walk_one_cm":168796,"minecraft:drop":3,"minecraft:damage_dealt":1900,"minecraft:swim_one_cm":6922,"minecraft:talked_to_villager":6,"minecraft:fly_one_cm":347183,"minecraft:open_chest":8,"minecraft:crouch_one_cm":1349,"minecraft:sneak_time":641,"minecraft:walk_under_water_one_cm":537,"minecraft:boat_one_cm":30696,"minecraft:jump":1291,"minecraft:interact_with_blast_furnace":2,"minecraft:walk_on_water_one_cm":3849,"minecraft:fall_one_cm":32262},"minecraft:picked_up":{"minecraft:birch_log":7,"minecraft:crafting_table":3,"iceandfire:copper_ore":4,"minecraft:leather":15,"minecraft:oak_log":7,"minecraft:cobblestone_stairs":1,"minecraft:dirt":18,"minecraft:white_carpet":1,"minecraft:wheat_seeds":2,"minecraft:iron_ingot":1,"minecraft:beef":26,"minecraft:iron_ore":10,"minecraft:light_gray_wool":1,"minecraft:lectern":1,"minecraft:chest":1,"minecraft:oak_planks":20,"minecraft:spruce_stairs":3,"minecraft:white_bed":3,"minecraft:carrot":1,"minecraft:rotten_flesh":1,"iceandfire:lectern":2,"waystones:waystone":1,"minecraft:hay_block":35,"minecraft:oak_sapling":2,"minecraft:mutton":9,"minecraft:coal":28,"minecraft:white_wool":6,"minecraft:cobblestone":13}},"DataVersion":2586}