{"stats":{"minecraft:mined":{"minecraft:nether_gold_ore":16,"gravestone:gravestone":4,"minecraft:granite":11,"minecraft:grass_block":5,"minecraft:spruce_leaves":4,"minecraft:crimson_stem":1,"minecraft:large_fern":2,"farmersdelight:wild_onions":1,"minecraft:redstone_ore":4,"minecraft:furnace":3,"minecraft:iron_ore":62,"minecraft:fire":13,"minecraft:andesite":10,"minecraft:pumpkin":2,"minecraft:potatoes":2,"iceandfire:gold_pile":12,"minecraft:stone":306,"farmersdelight:wild_potatoes":8,"minecraft:basalt":4,"minecraft:crafting_table":8,"minecraft:nether_quartz_ore":17,"minecraft:tall_grass":1,"minecraft:cobblestone":4,"minecraft:lapis_ore":4,"minecraft:nether_wart_block":74,"minecraft:sweet_berry_bush":3,"minecraft:spruce_log":34,"minecraft:grass":2,"minecraft:coal_ore":26,"minecraft:gravel":3,"minecraft:dirt":6,"minecraft:netherrack":105,"minecraft:gold_ore":11,"minecraft:oak_leaves":18,"iceandfire:chared_stone":1},"minecraft:killed_by":{"iceandfire:fire_dragon":4},"minecraft:used":{"minecraft:chest":2,"minecraft:shield":59,"minecraft:iron_sword":131,"minecraft:cooked_salmon":1,"minecraft:rotten_flesh":16,"minecraft:torch":82,"minecraft:dirt":1,"minecraft:spruce_fence":4,"minecraft:wooden_axe":11,"minecraft:iron_axe":95,"minecraft:basalt":2,"carryon:tile_item":1,"minecraft:bow":30,"minecraft:sweet_berries":22,"minecraft:furnace":3,"minecraft:cooked_beef":4,"minecraft:potato":2,"minecraft:pumpkin":1,"minecraft:cooked_mutton":6,"minecraft:water_bucket":3,"minecraft:stone_pickaxe":99,"minecraft:baked_potato":23,"minecraft:wooden_pickaxe":26,"minecraft:salmon":2,"farmersdelight:onion":6,"minecraft:crafting_table":9,"minecraft:spruce_log":27,"minecraft:apple":2,"minecraft:iron_pickaxe":459,"minecraft:stone_axe":4,"minecraft:nether_wart_block":74,"minecraft:diamond_sword":3,"minecraft:cobblestone":90,"iceandfire:dragon_skull_fire":2,"minecraft:cooked_porkchop":6,"minecraft:andesite":1,"minecraft:bucket":4,"minecraft:bone_meal":6},"minecraft:crafted":{"minecraft:furnace":1,"minecraft:bone_meal":6,"minecraft:spruce_fence":30,"minecraft:cooked_mutton":6,"minecraft:iron_boots":1,"minecraft:iron_axe":1,"minecraft:stone_pickaxe":1,"minecraft:chest":2,"minecraft:crimson_planks":4,"minecraft:cooked_porkchop":3,"minecraft:crafting_table":2,"minecraft:spruce_planks":136,"minecraft:iron_helmet":2,"minecraft:wooden_pickaxe":1,"minecraft:baked_potato":23,"minecraft:iron_sword":1,"minecraft:cooked_salmon":2,"minecraft:stone_axe":1,"minecraft:air":0,"iceandfire:armor_red_helmet":2,"minecraft:iron_chestplate":1,"minecraft:shield":1,"minecraft:stick":96,"minecraft:iron_ingot":104,"minecraft:iron_pickaxe":2,"minecraft:wooden_axe":1,"minecraft:iron_leggings":1,"minecraft:gold_ingot":23,"minecraft:torch":84},"minecraft:killed":{"alexsmobs:dropbear":1,"minecraft:spider":5,"minecraft:skeleton":16,"iceandfire:fire_dragon":1,"minecraft:drowned":1,"minecraft:magma_cube":5,"minecraft:salmon":2,"minecraft:creeper":1,"alexsmobs:crimson_mosquito":1,"minecraft:sheep":5,"minecraft:zombie":19,"minecraft:ghast":1,"minecraft:enderman":1},"minecraft:broken":{"minecraft:shield":1,"minecraft:iron_axe":1,"minecraft:iron_pickaxe":1,"minecraft:iron_helmet":1},"minecraft:dropped":{"minecraft:cooked_porkchop":1,"minecraft:apple":1,"minecraft:granite":8,"minecraft:stick":2,"minecraft:dirt":8,"minecraft:gray_wool":1,"iceandfire:armor_red_helmet":1,"gravestone:obituary":8,"minecraft:string":6,"minecraft:white_wool":2,"minecraft:bucket":1,"minecraft:spruce_sapling":12,"minecraft:gold_ingot":12,"minecraft:bone":12,"alexsmobs:animal_dictionary":1,"minecraft:experience_bottle":5,"minecraft:rotten_flesh":1,"minecraft:diamond_sword":1,"minecraft:poppy":1,"alexsmobs:blood_sac":1,"minecraft:allium":2,"minecraft:oak_sapling":5,"minecraft:arrow":9,"minecraft:stone_pickaxe":1},"minecraft:custom":{"minecraft:mob_kills":61,"minecraft:interact_with_crafting_table":29,"minecraft:leave_game":3,"minecraft:time_since_death":56493,"minecraft:climb_one_cm":2351,"minecraft:sprint_one_cm":489596,"minecraft:walk_one_cm":531864,"minecraft:drop":43,"minecraft:sneak_time":4034,"minecraft:deaths":4,"minecraft:walk_under_water_one_cm":5359,"minecraft:jump":2045,"minecraft:interact_with_blast_furnace":2,"minecraft:walk_on_water_one_cm":26687,"minecraft:interact_with_furnace":51,"minecraft:play_one_minute":154954,"minecraft:sleep_in_bed":3,"minecraft:waystone_activated":1,"minecraft:time_since_rest":28470,"minecraft:damage_taken":3099,"minecraft:damage_dealt":9685,"minecraft:swim_one_cm":11073,"minecraft:fly_one_cm":284640,"minecraft:open_chest":64,"minecraft:crouch_one_cm":16376,"minecraft:fall_one_cm":44877},"minecraft:picked_up":{"minecraft:crafting_table":8,"minecraft:allium":2,"minecraft:splash_potion":1,"minecraft:diamond_sword":2,"gravestone:obituary":4,"minecraft:string":6,"alexsmobs:dropbear_claw":1,"alexsmobs:blood_sac":1,"minecraft:gold_nugget":203,"minecraft:bucket":1,"minecraft:poppy":1,"iceandfire:dragonscales_red":11,"minecraft:furnace":4,"minecraft:stick":13,"iceandfire:dragonbone":11,"minecraft:torch":4,"minecraft:redstone":18,"minecraft:weeping_vines":1,"minecraft:arrow":24,"minecraft:rotten_flesh":16,"farmersdelight:onion":1,"iceandfire:fire_dragon_heart":1,"minecraft:mutton":6,"minecraft:white_wool":2,"minecraft:cobblestone":313,"minecraft:basalt":4,"minecraft:cooked_beef":4,"minecraft:crimson_stem":1,"minecraft:andesite":10,"minecraft:salmon":2,"minecraft:leather":4,"minecraft:potato":11,"minecraft:flint":1,"minecraft:golden_boots":1,"minecraft:nether_wart_block":44,"minecraft:gunpowder":1,"minecraft:lapis_lazuli":29,"minecraft:dirt":11,"minecraft:bone":14,"minecraft:apple":2,"minecraft:bow":2,"minecraft:iron_ingot":1,"minecraft:iron_ore":69,"iceandfire:fire_dragon_flesh":4,"minecraft:cooked_porkchop":4,"minecraft:pumpkin":2,"minecraft:sweet_berries":15,"minecraft:quartz":17,"minecraft:gravel":5,"iceandfire:dragon_skull_fire":1,"minecraft:spruce_sapling":24,"minecraft:spruce_log":34,"minecraft:gold_ore":11,"minecraft:granite":8,"minecraft:gray_wool":1,"minecraft:oak_sapling":5,"minecraft:netherrack":105,"minecraft:coal":62}},"DataVersion":2586}