{"stats":{"minecraft:crafted":{"minecraft:wooden_sword":1,"minecraft:oak_planks":48,"minecraft:cooked_chicken":2,"minecraft:furnace":5,"minecraft:bone_meal":81,"minecraft:cooked_mutton":8,"minecraft:flint_and_steel":1,"minecraft:bow":1,"minecraft:iron_boots":3,"minecraft:iron_axe":2,"minecraft:stone_pickaxe":1,"minecraft:chest":5,"minecraft:dark_oak_planks":44,"minecraft:stone_hoe":1,"minecraft:golden_boots":2,"minecraft:cooked_beef":5,"minecraft:arrow":12,"minecraft:cooked_porkchop":8,"minecraft:crafting_table":4,"minecraft:spruce_planks":80,"minecraft:enchanting_table":1,"minecraft:iron_helmet":3,"minecraft:wooden_pickaxe":1,"minecraft:baked_potato":60,"minecraft:iron_sword":2,"minecraft:bucket":2,"minecraft:birch_planks":48,"minecraft:stone_axe":1,"minecraft:air":0,"minecraft:iron_chestplate":2,"minecraft:book":1,"minecraft:paper":3,"minecraft:diamond_pickaxe":1,"minecraft:stick":44,"minecraft:iron_ingot":90,"minecraft:iron_pickaxe":5,"minecraft:stone_sword":1,"minecraft:iron_shovel":1,"minecraft:iron_leggings":2,"minecraft:gold_ingot":26,"minecraft:torch":20,"minecraft:shears":1},"minecraft:mined":{"minecraft:nether_gold_ore":7,"minecraft:diamond_ore":14,"minecraft:white_bed":4,"iceandfire:silver_ore":6,"farmersdelight:wild_carrots":5,"minecraft:brewing_stand":1,"minecraft:obsidian":23,"minecraft:carved_pumpkin":1,"gravestone:gravestone":5,"minecraft:granite":34,"minecraft:grass_block":22,"minecraft:spruce_leaves":42,"minecraft:red_mushroom":1,"minecraft:spawner":1,"minecraft:crimson_stem":6,"minecraft:large_fern":3,"minecraft:tall_seagrass":1,"minecraft:redstone_ore":15,"iceandfire:copper_ore":4,"minecraft:furnace":7,"minecraft:iron_ore":100,"minecraft:fire":3,"minecraft:andesite":7,"minecraft:enchanting_table":1,"minecraft:potatoes":51,"minecraft:shroomlight":1,"minecraft:stone":570,"minecraft:basalt":2,"minecraft:dandelion":1,"minecraft:oak_fence":1,"minecraft:crafting_table":6,"minecraft:chest":5,"iceandfire:frozen_dirt":1,"minecraft:tall_grass":3,"minecraft:cobblestone":2,"minecraft:wall_torch":3,"minecraft:diorite":34,"minecraft:seagrass":2,"minecraft:birch_log":12,"minecraft:spruce_log":20,"minecraft:warped_fungus":1,"minecraft:grass":48,"minecraft:coal_ore":47,"minecraft:oak_log":15,"minecraft:gravel":24,"minecraft:sand":1,"minecraft:dirt":18,"minecraft:cobweb":1,"minecraft:netherrack":344,"minecraft:gold_ore":8,"minecraft:oak_leaves":28,"minecraft:fern":3},"minecraft:custom":{"minecraft:mob_kills":55,"minecraft:interact_with_crafting_table":57,"minecraft:leave_game":4,"minecraft:time_since_death":47844,"minecraft:climb_one_cm":9718,"minecraft:sprint_one_cm":860412,"minecraft:walk_one_cm":842736,"minecraft:drop":88,"minecraft:talked_to_villager":7,"minecraft:deaths":5,"minecraft:sneak_time":14340,"minecraft:walk_under_water_one_cm":9168,"minecraft:jump":4148,"minecraft:interact_with_blast_furnace":1,"minecraft:walk_on_water_one_cm":21013,"minecraft:interact_with_furnace":126,"minecraft:play_one_minute":303530,"minecraft:sleep_in_bed":17,"minecraft:waystone_activated":3,"minecraft:time_since_rest":18575,"minecraft:damage_taken":6028,"minecraft:damage_dealt":10342,"minecraft:player_kills":1,"minecraft:swim_one_cm":14607,"minecraft:fly_one_cm":668796,"minecraft:open_chest":266,"minecraft:crouch_one_cm":48808,"minecraft:fall_one_cm":116111},"minecraft:broken":{"minecraft:golden_boots":1,"minecraft:iron_boots":1,"minecraft:stone_pickaxe":1,"minecraft:iron_pickaxe":3,"minecraft:iron_helmet":2},"minecraft:used":{"minecraft:stone_sword":82,"minecraft:enchanting_table":1,"minecraft:iron_shovel":18,"minecraft:flint_and_steel":1,"minecraft:carved_pumpkin":1,"iceandfire:dragon_skull_ice":3,"minecraft:chest":10,"minecraft:cooked_chicken":2,"minecraft:rotten_flesh":3,"minecraft:iron_sword":156,"minecraft:stone_hoe":30,"minecraft:netherrack":6,"minecraft:torch":15,"minecraft:dirt":7,"minecraft:carrot":3,"minecraft:obsidian":11,"minecraft:iron_axe":11,"carryon:entity_item":5,"minecraft:bow":16,"minecraft:furnace":10,"minecraft:skeleton_skull":4,"minecraft:cooked_beef":17,"minecraft:potato":89,"minecraft:cooked_mutton":8,"minecraft:water_bucket":6,"minecraft:stone_pickaxe":131,"minecraft:baked_potato":47,"minecraft:wooden_pickaxe":18,"farmersdelight:onion":6,"minecraft:crafting_table":9,"minecraft:white_bed":3,"minecraft:spruce_log":20,"minecraft:shears":21,"waystones:waystone":1,"minecraft:diamond_pickaxe":33,"minecraft:apple":3,"minecraft:bread":6,"minecraft:iron_pickaxe":1075,"minecraft:stone_axe":19,"minecraft:diamond_sword":314,"minecraft:cobblestone":223,"minecraft:cooked_porkchop":6,"minecraft:bucket":7,"minecraft:birch_log":11,"alexsmobs:animal_dictionary":3,"minecraft:bone_meal":81},"minecraft:killed_by":{"iceandfire:ice_dragon":1,"iceandfire:fire_dragon":4},"minecraft:picked_up":{"minecraft:spruce_leaves":19,"minecraft:iron_chestplate":1,"minecraft:crafting_table":7,"minecraft:chicken":4,"iceandfire:copper_ore":4,"minecraft:diamond_sword":3,"minecraft:wooden_pickaxe":1,"minecraft:potion":1,"minecraft:chain":6,"gravestone:obituary":6,"minecraft:brewing_stand":2,"iceandfire:manuscript":1,"minecraft:string":13,"iceandfire:frozen_splinters":1,"minecraft:wooden_sword":2,"minecraft:iron_leggings":2,"minecraft:iron_shovel":1,"minecraft:experience_bottle":10,"minecraft:shroomlight":1,"alexsmobs:dropbear_claw":4,"alexsmobs:blood_sac":1,"minecraft:gold_nugget":11,"minecraft:bucket":1,"minecraft:beef":8,"iceandfire:armor_red_helmet":1,"minecraft:iron_nugget":24,"alexsmobs:raccoon_tail":3,"iceandfire:frozen_gravel":5,"minecraft:chest":5,"minecraft:birch_sapling":15,"iceandfire:dragonscales_red":22,"farmersdelight:cabbage_seeds":8,"minecraft:furnace":6,"minecraft:stick":25,"iceandfire:dragonbone":22,"minecraft:oak_fence":3,"iceandfire:chared_grass":1,"minecraft:torch":4,"iceandfire:silver_ore":6,"minecraft:porkchop":15,"minecraft:diorite":34,"minecraft:carrot":6,"minecraft:redstone":59,"iceandfire:dragon_skull_ice":3,"iceandfire:blindfold":1,"minecraft:stone_sword":1,"minecraft:arrow":26,"minecraft:rotten_flesh":30,"iceandfire:fire_dragon_heart":1,"minecraft:carved_pumpkin":1,"minecraft:gold_ingot":8,"minecraft:obsidian":23,"minecraft:mutton":4,"minecraft:bone_block":4,"minecraft:skeleton_skull":1,"minecraft:white_wool":8,"minecraft:cobblestone":560,"minecraft:oxeye_daisy":1,"minecraft:birch_log":12,"minecraft:enchanting_table":1,"minecraft:cooked_beef":17,"minecraft:feather":7,"minecraft:basalt":2,"minecraft:salmon":2,"minecraft:crimson_stem":6,"minecraft:water_bucket":2,"minecraft:andesite":7,"minecraft:leather":3,"minecraft:potato":184,"minecraft:birch_planks":16,"minecraft:oak_log":14,"minecraft:lapis_lazuli":9,"minecraft:dirt":93,"minecraft:cooked_mutton":4,"minecraft:bone":24,"minecraft:bow":2,"minecraft:wheat_seeds":21,"minecraft:orange_tulip":1,"alexsmobs:cockroach_wing_fragment":1,"minecraft:iron_ingot":5,"minecraft:stone_pickaxe":1,"minecraft:iron_ore":102,"minecraft:iron_sword":1,"iceandfire:fire_dragon_flesh":8,"minecraft:oak_planks":28,"minecraft:soul_sand":3,"minecraft:book":1,"minecraft:warped_fungus":1,"minecraft:cooked_porkchop":2,"minecraft:sweet_berries":6,"iceandfire:ash":2,"minecraft:dandelion":3,"minecraft:gravel":24,"iceandfire:dragon_skull_fire":2,"minecraft:spruce_sapling":7,"sophisticatedbackpacks:iron_backpack":1,"minecraft:white_bed":4,"minecraft:spruce_log":21,"minecraft:gold_ore":8,"minecraft:spectral_arrow":12,"iceandfire:frozen_dirt":3,"minecraft:spider_eye":1,"alexsmobs:animal_dictionary":3,"minecraft:pumpkin_seeds":4,"minecraft:diamond":14,"minecraft:stone_axe":1,"waystones:waystone":2,"iceandfire:dragon_ice":1,"minecraft:granite":31,"iceandfire:ice_dragon_flesh":1,"alexsmobs:maggot":5,"minecraft:baked_potato":10,"minecraft:oak_sapling":3,"minecraft:netherrack":339,"minecraft:coal":46,"minecraft:ender_pearl":2},"minecraft:killed":{"alexsmobs:bone_serpent":1,"alexsmobs:dropbear":2,"alexsmobs:raccoon":1,"minecraft:spider":1,"minecraft:skeleton":10,"minecraft:chicken":2,"minecraft:magma_cube":3,"minecraft:pig":5,"minecraft:salmon":2,"alexsmobs:stradpole":1,"alexsmobs:crimson_mosquito":1,"minecraft:sheep":2,"minecraft:zombie":19,"alexsmobs:cockroach":1,"alexsmobs:crow":1,"minecraft:cow":2},"minecraft:dropped":{"minecraft:golden_boots":1,"minecraft:cooked_porkchop":4,"minecraft:orange_tulip":1,"minecraft:cobblestone":64,"minecraft:dirt":1,"gravestone:obituary":10,"minecraft:gold_nugget":4,"minecraft:iron_shovel":1,"minecraft:bucket":1,"minecraft:white_wool":2,"minecraft:dandelion":1,"alexsmobs:maggot":1,"farmersdelight:cabbage_seeds":4,"minecraft:diamond_sword":2,"minecraft:arrow":3}},"DataVersion":2586}