{"stats":{"minecraft:mined":{"minecraft:grass":1,"minecraft:oak_log":11,"minecraft:oak_leaves":4},"minecraft:used":{"minecraft:rotten_flesh":1,"alexsmobs:animal_dictionary":3,"minecraft:crafting_table":1},"minecraft:crafted":{"minecraft:crafting_table":2,"minecraft:oak_planks":40,"minecraft:stick":4},"minecraft:killed":{"minecraft:zombie":1},"minecraft:picked_up":{"minecraft:oak_log":10,"minecraft:rotten_flesh":1},"minecraft:custom":{"minecraft:jump":48,"minecraft:time_since_rest":10516,"minecraft:damage_dealt":102,"minecraft:play_one_minute":10516,"minecraft:damage_taken":195,"minecraft:sprint_one_cm":13367,"minecraft:time_since_death":10516,"minecraft:walk_one_cm":17033,"minecraft:climb_one_cm":48,"minecraft:mob_kills":1,"minecraft:fall_one_cm":894,"minecraft:fly_one_cm":3515}},"DataVersion":2586}