{"stats":{"minecraft:crafted":{"minecraft:oak_planks":32,"minecraft:cooked_chicken":2,"minecraft:furnace":3,"minecraft:glass":3,"minecraft:spruce_stairs":92,"minecraft:spruce_slab":18,"minecraft:stone_pickaxe":4,"minecraft:chest":3,"minecraft:golden_boots":1,"sophisticatedbackpacks:iron_backpack":2,"minecraft:cooked_beef":10,"minecraft:glass_bottle":3,"sophisticatedbackpacks:backpack":2,"minecraft:cooked_porkchop":2,"minecraft:crafting_table":3,"iceandfire:blindfold":3,"minecraft:spruce_planks":328,"minecraft:iron_helmet":1,"minecraft:wooden_pickaxe":1,"minecraft:baked_potato":62,"minecraft:iron_sword":1,"minecraft:spruce_door":3,"minecraft:bucket":1,"minecraft:birch_planks":8,"minecraft:stone_axe":2,"minecraft:air":0,"minecraft:iron_chestplate":1,"minecraft:stick":36,"minecraft:iron_ingot":37,"minecraft:iron_pickaxe":8,"minecraft:wooden_axe":1,"minecraft:iron_leggings":1,"minecraft:white_bed":1,"minecraft:torch":128},"minecraft:mined":{"minecraft:diamond_ore":8,"minecraft:spruce_planks":7,"minecraft:white_bed":6,"iceandfire:silver_ore":2,"iceandfire:podium_dark_oak":1,"minecraft:dark_oak_log":36,"minecraft:granite":35,"minecraft:grass_block":5,"iceandfire:lectern":1,"minecraft:soul_soil":5,"minecraft:spruce_leaves":9,"minecraft:redstone_ore":9,"minecraft:furnace":3,"minecraft:iron_ore":78,"minecraft:fire":2,"minecraft:andesite":71,"iceandfire:gold_pile":5,"minecraft:potatoes":1,"farmersdelight:rope":7,"minecraft:vine":1,"minecraft:stone":1275,"minecraft:bone_block":6,"farmersdelight:wild_potatoes":2,"minecraft:crafting_table":11,"minecraft:torch":10,"minecraft:blast_furnace":1,"iceandfire:ghost_chest":1,"minecraft:chest":6,"minecraft:nether_quartz_ore":12,"minecraft:tall_grass":1,"minecraft:cobblestone":6,"minecraft:lapis_ore":1,"minecraft:sugar_cane":2,"minecraft:diorite":109,"minecraft:wall_torch":12,"minecraft:cauldron":1,"minecraft:spruce_stairs":3,"minecraft:birch_log":9,"minecraft:sweet_berry_bush":1,"minecraft:spruce_log":89,"minecraft:grass":5,"minecraft:oak_log":10,"minecraft:coal_ore":75,"iceandfire:silver_pile":3,"minecraft:sunflower":1,"minecraft:gravel":39,"minecraft:sand":3,"minecraft:dirt":68,"minecraft:netherrack":339,"minecraft:gold_ore":20,"minecraft:oak_leaves":9,"minecraft:fern":3},"minecraft:custom":{"minecraft:mob_kills":36,"minecraft:interact_with_crafting_table":43,"minecraft:leave_game":3,"minecraft:time_since_death":42616,"minecraft:climb_one_cm":7884,"minecraft:sprint_one_cm":530110,"minecraft:walk_one_cm":319053,"minecraft:drop":23,"minecraft:deaths":3,"minecraft:sneak_time":46706,"minecraft:walk_under_water_one_cm":14811,"minecraft:jump":3662,"minecraft:interact_with_blast_furnace":11,"minecraft:walk_on_water_one_cm":24336,"minecraft:interact_with_furnace":49,"minecraft:play_one_minute":213552,"minecraft:sleep_in_bed":13,"minecraft:time_since_rest":18510,"minecraft:waystone_activated":11,"minecraft:damage_taken":2557,"minecraft:damage_dealt":6105,"minecraft:swim_one_cm":39793,"minecraft:fly_one_cm":729568,"minecraft:open_chest":120,"minecraft:crouch_one_cm":143077,"minecraft:fall_one_cm":107410},"minecraft:broken":{"minecraft:golden_shovel":1,"minecraft:stone_pickaxe":4,"minecraft:stone_axe":1,"minecraft:iron_pickaxe":6},"minecraft:used":{"minecraft:spruce_slab":10,"minecraft:chest":5,"minecraft:spruce_planks":135,"minecraft:iron_sword":3,"minecraft:cooked_chicken":2,"minecraft:netherrack":9,"minecraft:torch":140,"minecraft:dirt":13,"minecraft:spruce_stairs":89,"minecraft:carrot":1,"minecraft:golden_shovel":32,"minecraft:granite":16,"farmersdelight:rope":15,"minecraft:wooden_axe":10,"minecraft:iron_axe":97,"carryon:entity_item":4,"carryon:tile_item":6,"minecraft:beef":2,"minecraft:sweet_berries":14,"minecraft:furnace":5,"minecraft:cooked_beef":2,"minecraft:potato":16,"minecraft:golden_axe":6,"minecraft:water_bucket":15,"minecraft:diorite":2,"minecraft:spruce_door":1,"minecraft:stone_pickaxe":526,"minecraft:baked_potato":29,"minecraft:wooden_pickaxe":18,"minecraft:cauldron":1,"minecraft:gold_ore":2,"minecraft:salmon":1,"minecraft:crafting_table":12,"minecraft:blast_furnace":1,"minecraft:white_bed":7,"minecraft:cod":2,"minecraft:spruce_log":89,"minecraft:oak_log":4,"waystones:waystone":7,"minecraft:dark_oak_log":48,"minecraft:bread":14,"minecraft:iron_pickaxe":1535,"minecraft:gravel":6,"minecraft:stone_axe":90,"minecraft:cobblestone":14,"minecraft:porkchop":3,"minecraft:cooked_porkchop":2,"minecraft:birch_log":7,"minecraft:bucket":15,"minecraft:andesite":27,"alexsmobs:animal_dictionary":3},"minecraft:killed_by":{"minecraft:player":1,"iceandfire:ice_dragon":1,"iceandfire:fire_dragon":1},"minecraft:picked_up":{"minecraft:crafting_table":11,"minecraft:chicken":2,"minecraft:golden_shovel":1,"minecraft:chain":1,"gravestone:obituary":1,"iceandfire:manuscript":12,"minecraft:string":6,"minecraft:soul_soil":5,"alexsmobs:dropbear_claw":2,"iceandfire:graveyard_soil":3,"iceandfire:bestiary":1,"minecraft:gold_nugget":48,"minecraft:spruce_planks":7,"minecraft:beef":14,"iceandfire:frozen_gravel":1,"minecraft:sugar_cane":4,"minecraft:chest":4,"farmersdelight:golden_knife":1,"iceandfire:ice_dragon_heart":1,"minecraft:furnace":4,"minecraft:dark_oak_sapling":7,"minecraft:stick":28,"iceandfire:ghost_chest":1,"minecraft:torch":28,"minecraft:spruce_stairs":3,"iceandfire:silver_ore":2,"minecraft:porkchop":6,"minecraft:golden_axe":1,"minecraft:diorite":108,"minecraft:redstone":42,"minecraft:cauldron":1,"iceandfire:silver_ingot":2,"minecraft:arrow":5,"minecraft:rotten_flesh":9,"farmersdelight:rope":7,"minecraft:bone_block":6,"minecraft:cobblestone":1298,"minecraft:mutton":4,"minecraft:cod":2,"minecraft:skeleton_skull":4,"minecraft:white_wool":3,"minecraft:birch_log":9,"minecraft:feather":4,"minecraft:salmon":1,"minecraft:andesite":70,"minecraft:leather":15,"minecraft:potato":3,"minecraft:flint":8,"minecraft:oak_log":14,"minecraft:golden_boots":1,"minecraft:lapis_lazuli":9,"minecraft:dirt":74,"minecraft:bone":29,"minecraft:apple":2,"minecraft:bow":1,"minecraft:iron_ore":95,"minecraft:book":1,"minecraft:quartz":17,"minecraft:gravel":55,"minecraft:sand":3,"minecraft:spruce_sapling":31,"minecraft:ink_sac":8,"minecraft:blast_furnace":1,"iceandfire:podium_dark_oak":1,"minecraft:white_bed":6,"minecraft:spruce_log":82,"minecraft:spider_eye":1,"minecraft:gold_ore":20,"iceandfire:frozen_dirt":4,"minecraft:dark_oak_log":36,"minecraft:diamond":8,"iceandfire:lectern":1,"waystones:waystone":7,"minecraft:granite":35,"minecraft:golden_apple":1,"minecraft:baked_potato":3,"minecraft:oak_sapling":3,"minecraft:netherrack":332,"iceandfire:silver_nugget":26,"minecraft:coal":75,"minecraft:sunflower":1},"minecraft:killed":{"alexsmobs:dropbear":1,"minecraft:spider":4,"minecraft:cod":2,"minecraft:skeleton":8,"minecraft:chicken":2,"minecraft:pig":3,"minecraft:sheep":3,"minecraft:zombie":7,"iceandfire:ice_dragon":1,"minecraft:cow":5},"minecraft:dropped":{"sophisticatedbackpacks:iron_backpack":1,"minecraft:lapis_lazuli":9,"minecraft:cooked_beef":4,"minecraft:baked_potato":13,"minecraft:granite":1,"iceandfire:blindfold":2,"gravestone:obituary":1,"minecraft:gold_ingot":1,"iceandfire:ghost_chest":1,"minecraft:oak_sapling":2}},"DataVersion":2586}