{"stats":{"minecraft:mined":{"minecraft:crafting_table":2,"minecraft:granite":1,"minecraft:grass":2,"minecraft:grass_block":3,"minecraft:oak_log":5,"minecraft:dirt":3,"minecraft:stone":8,"minecraft:sugar_cane":2},"minecraft:used":{"minecraft:wooden_axe":10,"minecraft:wooden_pickaxe":9,"minecraft:crafting_table":3,"minecraft:furnace":1,"minecraft:cod":2},"minecraft:crafted":{"minecraft:oak_planks":20,"minecraft:crafting_table":1,"minecraft:stick":4,"minecraft:wooden_pickaxe":1,"minecraft:wooden_axe":1,"minecraft:furnace":1},"minecraft:killed":{"minecraft:pig":1,"minecraft:cod":2,"minecraft:cow":2},"minecraft:picked_up":{"minecraft:crafting_table":2,"minecraft:leather":3,"minecraft:porkchop":2,"minecraft:oak_log":5,"minecraft:dirt":6,"minecraft:beef":3,"minecraft:granite":1,"minecraft:sugar_cane":4,"minecraft:cod":2,"minecraft:cobblestone":8},"minecraft:custom":{"minecraft:time_since_rest":9873,"minecraft:interact_with_furnace":1,"minecraft:sprint_one_cm":27390,"minecraft:damage_taken":50,"minecraft:walk_one_cm":12554,"minecraft:mob_kills":5,"minecraft:damage_dealt":407,"minecraft:interact_with_crafting_table":4,"minecraft:swim_one_cm":21539,"minecraft:fly_one_cm":50051,"minecraft:crouch_one_cm":496,"minecraft:play_one_minute":9873,"minecraft:sneak_time":517,"minecraft:walk_under_water_one_cm":11865,"minecraft:jump":244,"minecraft:walk_on_water_one_cm":8809,"minecraft:time_since_death":9873,"minecraft:climb_one_cm":974,"minecraft:fall_one_cm":6398}},"DataVersion":2586}