{"stats":{"minecraft:mined":{"minecraft:oak_leaves":4},"minecraft:picked_up":{"minecraft:stick":4,"minecraft:cooked_beef":64,"minecraft:dirt":20},"minecraft:dropped":{"alexsmobs:animal_dictionary":1,"minecraft:stick":2},"minecraft:custom":{"minecraft:jump":77,"minecraft:time_since_rest":17803,"minecraft:crouch_one_cm":790,"minecraft:damage_dealt":10,"minecraft:play_one_minute":17803,"minecraft:damage_taken":20,"minecraft:sprint_one_cm":14507,"minecraft:walk_on_water_one_cm":491,"minecraft:time_since_death":17803,"minecraft:walk_one_cm":4293,"minecraft:sneak_time":206,"minecraft:climb_one_cm":302,"minecraft:walk_under_water_one_cm":5722,"minecraft:fall_one_cm":3563,"minecraft:drop":2,"minecraft:fly_one_cm":12491}},"DataVersion":2586}