{"stats":{"minecraft:crafted":{"minecraft:oak_planks":208,"minecraft:furnace":2,"minecraft:iron_axe":1,"minecraft:stone_pickaxe":1,"sophisticatedbackpacks:iron_backpack":1,"minecraft:diamond_axe":1,"minecraft:crafting_table":2,"minecraft:wooden_pickaxe":1,"minecraft:iron_helmet":1,"minecraft:air":0,"minecraft:diamond_pickaxe":1,"minecraft:stick":16,"minecraft:iron_ingot":24,"minecraft:iron_pickaxe":1,"minecraft:gold_ingot":3},"minecraft:mined":{"minecraft:diamond_ore":18,"minecraft:white_bed":12,"iceandfire:copper_pile":2,"minecraft:cobblestone_stairs":1,"farmersdelight:wild_carrots":4,"minecraft:granite":2,"minecraft:grass_block":2,"minecraft:yellow_carpet":1,"iceandfire:lectern":1,"minecraft:spruce_leaves":1,"minecraft:cartography_table":1,"minecraft:redstone_ore":2,"iceandfire:copper_ore":6,"minecraft:iron_ore":37,"minecraft:andesite":9,"minecraft:pumpkin":1,"minecraft:bookshelf":4,"iceandfire:gold_pile":7,"minecraft:blue_orchid":1,"minecraft:stone":75,"iceandfire:pixie_jar_empty":2,"minecraft:blackstone":1,"minecraft:crafting_table":1,"iceandfire:dragon_ice_spikes":1,"minecraft:tall_grass":6,"minecraft:sugar_cane":11,"minecraft:diorite":14,"minecraft:wall_torch":1,"minecraft:skeleton_skull":3,"minecraft:white_carpet":1,"minecraft:spruce_log":1,"minecraft:yellow_bed":4,"minecraft:grass":18,"minecraft:oak_log":21,"minecraft:coal_ore":45,"iceandfire:silver_pile":3,"minecraft:dirt":2,"minecraft:netherrack":15,"minecraft:gold_ore":7,"minecraft:oak_leaves":5},"minecraft:custom":{"minecraft:mob_kills":30,"minecraft:interact_with_crafting_table":20,"minecraft:leave_game":4,"minecraft:time_since_death":0,"minecraft:climb_one_cm":1031,"minecraft:sprint_one_cm":420130,"minecraft:walk_one_cm":231593,"minecraft:drop":66,"minecraft:talked_to_villager":4,"minecraft:deaths":3,"minecraft:sneak_time":8103,"minecraft:walk_under_water_one_cm":15338,"minecraft:jump":2979,"minecraft:walk_on_water_one_cm":20085,"minecraft:enchant_item":4,"minecraft:interact_with_furnace":17,"minecraft:interact_with_cartography_table":2,"minecraft:play_one_minute":207697,"minecraft:interact_with_stonecutter":2,"minecraft:sleep_in_bed":12,"minecraft:time_since_rest":1,"minecraft:waystone_activated":10,"minecraft:damage_taken":2147483647,"minecraft:trigger_trapped_chest":5,"minecraft:damage_dealt":9444,"minecraft:swim_one_cm":17172,"minecraft:fly_one_cm":822074,"minecraft:open_chest":60,"minecraft:crouch_one_cm":21755,"minecraft:fall_one_cm":97424,"minecraft:horse_one_cm":84768},"minecraft:used":{"iceandfire:lectern":1,"minecraft:enchanting_table":1,"minecraft:chest":22,"minecraft:donkey_spawn_egg":1,"astikorcarts:animal_cart":3,"minecraft:rotten_flesh":1,"minecraft:torch":2,"minecraft:dirt":9,"astikorcarts:supply_cart":2,"minecraft:skeleton_spawn_egg":1,"minecraft:yellow_carpet":1,"minecraft:obsidian":20,"alexsmobs:spawn_egg_platypus":3,"minecraft:lava_bucket":5,"minecraft:bookshelf":28,"minecraft:villager_spawn_egg":6,"minecraft:iron_axe":117,"minecraft:grass_block":6,"minecraft:blue_orchid":1,"minecraft:spawner":1,"carryon:entity_item":14,"iceandfire:ghost_chest":10,"carryon:tile_item":3,"minecraft:oak_sapling":2,"minecraft:furnace":2,"minecraft:skeleton_skull":3,"minecraft:cooked_beef":39,"minecraft:pumpkin":1,"iceandfire:pixie_jar_empty":2,"minecraft:water_bucket":8,"minecraft:cobblestone_stairs":1,"minecraft:stone_pickaxe":59,"minecraft:oak_planks":172,"minecraft:wooden_pickaxe":7,"minecraft:diamond_axe":52,"minecraft:horse_spawn_egg":10,"minecraft:mossy_cobblestone":13,"astikorcarts:plow":3,"minecraft:crafting_table":3,"minecraft:white_bed":12,"minecraft:spruce_log":1,"minecraft:oak_log":15,"waystones:waystone":4,"minecraft:diamond_pickaxe":21,"minecraft:iron_pickaxe":149,"minecraft:diamond_sword":2,"iceandfire:dragon_skull_fire":1,"minecraft:cobblestone":23,"minecraft:bucket":7,"minecraft:yellow_bed":4,"minecraft:cobweb":4},"minecraft:killed_by":{"iceandfire:gorgon":1,"alexsmobs:dropbear":1},"minecraft:picked_up":{"minecraft:crafting_table":1,"minecraft:chicken":1,"iceandfire:copper_ore":6,"minecraft:string":2,"minecraft:white_carpet":1,"minecraft:blackstone":1,"minecraft:blue_orchid":1,"minecraft:cartography_table":1,"minecraft:gold_nugget":48,"minecraft:beef":9,"alexsmobs:raccoon_tail":1,"minecraft:sugar_cane":26,"iceandfire:dragonscales_gray":15,"iceandfire:dragonbone":9,"minecraft:stick":8,"iceandfire:ghost_chest":1,"minecraft:oak_door":1,"minecraft:torch":1,"minecraft:diorite":18,"minecraft:carrot":4,"minecraft:redstone":8,"iceandfire:blindfold":1,"minecraft:arrow":6,"minecraft:rotten_flesh":12,"iceandfire:fire_dragon_heart":1,"minecraft:saddle":1,"minecraft:bookshelf":1,"minecraft:obsidian":1,"minecraft:skeleton_skull":3,"minecraft:cobblestone":76,"minecraft:basalt":3,"minecraft:feather":2,"minecraft:cooked_beef":64,"minecraft:andesite":9,"minecraft:salmon":1,"minecraft:leather":8,"minecraft:oak_log":20,"minecraft:yellow_bed":5,"minecraft:gunpowder":2,"minecraft:cobblestone_stairs":1,"minecraft:dirt":25,"minecraft:leather_boots":2,"minecraft:bone":2,"iceandfire:pixie_jar_empty":2,"minecraft:wheat_seeds":8,"minecraft:iron_ingot":5,"minecraft:iron_ore":37,"minecraft:glass_bottle":1,"iceandfire:fire_dragon_flesh":4,"minecraft:oak_planks":20,"minecraft:book":12,"iceandfire:copper_nugget":14,"minecraft:pumpkin":1,"iceandfire:dragon_skull_fire":1,"sophisticatedbackpacks:iron_backpack":1,"minecraft:grass_block":2,"minecraft:white_bed":13,"minecraft:spruce_log":1,"minecraft:gold_ore":7,"minecraft:spider_eye":2,"iceandfire:frozen_dirt":1,"minecraft:yellow_carpet":1,"minecraft:diamond":18,"iceandfire:lectern":1,"minecraft:granite":2,"iceandfire:gorgon_head":1,"alexsmobs:maggot":2,"minecraft:baked_potato":3,"minecraft:oak_sapling":2,"minecraft:netherrack":15,"minecraft:coal":45,"iceandfire:silver_nugget":10},"minecraft:killed":{"alexsmobs:dropbear":1,"alexsmobs:raccoon":2,"minecraft:spider":2,"iceandfire:gorgon":1,"minecraft:horse":1,"minecraft:skeleton":4,"iceandfire:fire_dragon":1,"minecraft:chicken":1,"alexsmobs:straddler":1,"minecraft:iron_golem":1,"minecraft:creeper":1,"minecraft:zombie":5,"iceandfire:ghost":3,"iceandfire:pixie":1,"minecraft:cow":5},"minecraft:dropped":{"sophisticatedbackpacks:iron_backpack":1,"minecraft:iron_ingot":1,"minecraft:wheat_seeds":4,"minecraft:cooked_beef":16,"minecraft:baked_potato":3,"minecraft:mossy_cobblestone":1,"minecraft:glass_bottle":2,"minecraft:cobblestone":2,"minecraft:leather":8,"minecraft:grass_block":4,"minecraft:stick":2,"minecraft:dirt":21,"minecraft:diorite":6,"alexsmobs:raccoon_tail":1,"minecraft:bone":1,"minecraft:oak_door":1,"alexsmobs:maggot":2,"alexsmobs:animal_dictionary":1,"minecraft:obsidian":2,"minecraft:white_carpet":1,"minecraft:rotten_flesh":7,"minecraft:oak_planks":20,"minecraft:white_bed":2,"minecraft:leather_boots":2,"minecraft:arrow":6,"minecraft:wooden_pickaxe":1,"minecraft:stone_pickaxe":1,"minecraft:beef":7,"waystones:waystone":1}},"DataVersion":2586}